Workbook

Sheet Methodology
A1: Personal Auto Loss Reserving Model
A3: Overview
A4: This workbook estimates unpaid loss reserves for a private passenger auto liability company using chain-ladder and Bornhuetter-Ferguson (BF) methods. Our models are based on 10 years of claims development data, with dollar amounts listed in thousands.
A6: Data
A7: We sourced our data from the CAS-hosted NAIC Schedule P dataset. This set contains private passenger auto liability/medical information with claims between the years 1998-2007. From this dataset, we chose to focus on one specific company, Tennessee Farmers Mutual (GRCODE 6947). Tennessee Farmers was chosen as a mid-size regional writer that had ~$252M premium and a monotonic development pattern. For this reserving project, we used the cumulative paid losses for each accident year to calculate the expected unpaid loss reserves for recent and present years.
A9: Chain Ladder Methodology
A10: To start, we built a 10x10 claims development triangle and calculated the age-to-age factors for each accident year. We calculated both the volume-weighted average and simple average for each age-to-age band. Then, we selected the volume-weighted average as the basis for our future calculations as this is the standard approach and reduces the influence of smaller or noisier years. After that, we computed the cumulative development factors (CDFs) and applied these to the latest diagonal to project the ultimates and IBNR. This resulted in $146.10M total indicated IBNR.
A12: Bornhuetter-Ferguson Methodology
A13: After using the Chain-Ladder method, we also computed the IBNR using the BF method. This stabilizes the estimates for less mature accident years (like 2005-2007) as these are more sensitive to noise in the chain-ladder approach. In order to use the BF method, we first needed to calculate the expected loss ratio (ELR). To obtain this, we averaged the chain-ladder-implied loss ratios from the most mature accident years which resulted in a value of 0.7466. After carrying out the BF method with our ELR, we got a result of $144.22M total indicated IBNR.
A15: Comparison
A16: After running both the chain-ladder and BF method, we graphed the IBNR of the two for each accident year. As seen in the table accompanying the graph, both methods produce closely aligned results (within 1.3% of each other) with BF showing slightly lower figures. This does appear to be consistent with the BF's expected effect on the least mature accident years.
A18: Sensitivity Analysis
... A25: Overall, the close alignment between the chain-ladder and BF estimates and the low sensitivity to factor selection supports our figures in the $144M-$146M reserve range as a reasonable estimation.

Sheet Raw Data
A1: GRCODE | B1: GRNAME | C1: AccidentYear | D1: DevelopmentYear | E1: DevelopmentLag | F1: IncurredLosses (in thousands) | G1: CumPaidLoss (in thousands) | H1: BulkLoss (in thousands) | I1: EarnedPremDIR (in thousands) | J1: EarnedPremCeded (in thousands) | K1: EarnedPremNet (in thousands) | L1: Single | M1: PostedReserves2007 (in thousands) | N1: IsKnown
A2: 6947 | B2: Tenn Farmers Mut | C2: 2007 | D2: 2007 | E2: 1 | F2: 200274 | G2: 106588 | H2: 60568 | I2: 253531 | J2: 1141 | K2: 252390 | L2: 0 | M2: 169311.44 | N2: =IF((Table1[[#This Row],[AccidentYear]]-1998+1) + Table1[[#This Row],[DevelopmentLag]] - 1 <=10, "Known", "Future") -> Known
A3: 6947 | B3: Tenn Farmers Mut | C3: 2007 | D3: 2008 | E3: 2 | F3: 195205 | G3: 162610 | H3: 14714 | I3: 253531 | J3: 1141 | K3: 252390 | L3: 0 | M3: 169311.44 | N3: =IF((Table1[[#This Row],[AccidentYear]]-1998+1) + Table1[[#This Row],[DevelopmentLag]] - 1 <=10, "Known", "Future") -> Future
A4: 6947 | B4: Tenn Farmers Mut | C4: 2007 | D4: 2009 | E4: 3 | F4: 194204 | G4: 177700 | H4: 6261 | I4: 253531 | J4: 1141 | K4: 252390 | L4: 0 | M4: 169311.44 | N4: =IF((Table1[[#This Row],[AccidentYear]]-1998+1) + Table1[[#This Row],[DevelopmentLag]] - 1 <=10, "Known", "Future") -> Future
A5: 6947 | B5: Tenn Farmers Mut | C5: 2007 | D5: 2010 | E5: 4 | F5: 191533 | G5: 185257 | H5: 2506 | I5: 253531 | J5: 1141 | K5: 252390 | L5: 0 | M5: 169311.44 | N5: =IF((Table1[[#This Row],[AccidentYear]]-1998+1) + Table1[[#This Row],[DevelopmentLag]] - 1 <=10, "Known", "Future") -> Future
A6: 6947 | B6: Tenn Farmers Mut | C6: 2007 | D6: 2011 | E6: 5 | F6: 191395 | G6: 187936 | H6: 1243 | I6: 253531 | J6: 1141 | K6: 252390 | L6: 0 | M6: 169311.44 | N6: =IF((Table1[[#This Row],[AccidentYear]]-1998+1) + Table1[[#This Row],[DevelopmentLag]] - 1 <=10, "Known", "Future") -> Future
A7: 6947 | B7: Tenn Farmers Mut | C7: 2007 | D7: 2012 | E7: 6 | F7: 191083 | G7: 189346 | H7: 530 | I7: 253531 | J7: 1141 | K7: 252390 | L7: 0 | M7: 169311.44 | N7: =IF((Table1[[#This Row],[AccidentYear]]-1998+1) + Table1[[#This Row],[DevelopmentLag]] - 1 <=10, "Known", "Future") -> Future
A8: 6947 | B8: Tenn Farmers Mut | C8: 2007 | D8: 2013 | E8: 7 | F8: 190797 | G8: 189797 | H8: 202 | I8: 253531 | J8: 1141 | K8: 252390 | L8: 0 | M8: 169311.44 | N8: =IF((Table1[[#This Row],[AccidentYear]]-1998+1) + Table1[[#This Row],[DevelopmentLag]] - 1 <=10, "Known", "Future") -> Future
A9: 6947 | B9: Tenn Farmers Mut | C9: 2007 | D9: 2014 | E9: 8 | F9: 190805 | G9: 190047 | H9: 148 | I9: 253531 | J9: 1141 | K9: 252390 | L9: 0 | M9: 169311.44 | N9: =IF((Table1[[#This Row],[AccidentYear]]-1998+1) + Table1[[#This Row],[DevelopmentLag]] - 1 <=10, "Known", "Future") -> Future
A10: 6947 | B10: Tenn Farmers Mut | C10: 2007 | D10: 2015 | E10: 9 | F10: 190903 | G10: 190168 | H10: 73 | I10: 253531 | J10: 1141 | K10: 252390 | L10: 0 | M10: 169311.44 | N10: =IF((Table1[[#This Row],[AccidentYear]]-1998+1) + Table1[[#This Row],[DevelopmentLag]] - 1 <=10, "Known", "Future") -> Future
A11: 6947 | B11: Tenn Farmers Mut | C11: 2007 | D11: 2016 | E11: 10 | F11: 190639 | G11: 190230 | H11: 61 | I11: 253531 | J11: 1141 | K11: 252390 | L11: 0 | M11: 169311.44 | N11: =IF((Table1[[#This Row],[AccidentYear]]-1998+1) + Table1[[#This Row],[DevelopmentLag]] - 1 <=10, "Known", "Future") -> Future
A12: 6947 | B12: Tenn Farmers Mut | C12: 2006 | D12: 2006 | E12: 1 | F12: 180995 | G12: 86424 | H12: 59583 | I12: 248235 | J12: 5017 | K12: 243218 | L12: 0 | M12: 169311.44 | N12: =IF((Table1[[#This Row],[AccidentYear]]-1998+1) + Table1[[#This Row],[DevelopmentLag]] - 1 <=10, "Known", "Future") -> Known
A13: 6947 | B13: Tenn Farmers Mut | C13: 2006 | D13: 2007 | E13: 2 | F13: 171078 | G13: 140342 | H13: 15131 | I13: 248235 | J13: 5017 | K13: 243218 | L13: 0 | M13: 169311.44 | N13: =IF((Table1[[#This Row],[AccidentYear]]-1998+1) + Table1[[#This Row],[DevelopmentLag]] - 1 <=10, "Known", "Future") -> Known
... A101: 6947 | B101: Tenn Farmers Mut | C101: 1998 | D101: 2007 | E101: 10 | F101: 126559 | G101: 126038 | H101: 313 | I101: 177563 | J101: 5236 | K101: 172327 | L101: 0 | M101: 169311.44 | N101: =IF((Table1[[#This Row],[AccidentYear]]-1998+1) + Table1[[#This Row],[DevelopmentLag]] - 1 <=10, "Known", "Future") -> Known

Sheet Triangle
A1: IsKnown | B1: Known
A3: Paid Loss (in thousands) | B3: Development Lag
A4: Accident Year | B4: 1 | C4: 2 | D4: 3 | E4: 4 | F4: 5 | G4: 6 | H4: 7 | I4: 8 | J4: 9 | K4: 10
A5: 1998 | B5: 65419 | C5: 102612 | D5: 114906 | E5: 121101 | F5: 123407 | G5: 124722 | H5: 125342 | I5: 125794 | J5: 125933 | K5: 126038
A6: 1999 | B6: 74601 | C6: 114612 | D6: 126195 | E6: 132596 | F6: 135336 | G6: 136351 | H6: 136714 | I6: 137108 | J6: 137247
A7: 2000 | B7: 76960 | C7: 119712 | D7: 130613 | E7: 137202 | F7: 139337 | G7: 140522 | H7: 141045 | I7: 141264
A8: 2001 | B8: 79831 | C8: 120247 | D8: 131574 | E8: 137030 | F8: 139402 | G8: 141446 | H8: 141816
A9: 2002 | B9: 82295 | C9: 126112 | D9: 139094 | E9: 146112 | F9: 149292 | G9: 150819
A10: 2003 | B10: 81672 | C10: 129999 | D10: 143206 | E10: 151112 | F10: 154348
A11: 2004 | B11: 97575 | C11: 146722 | D11: 161677 | E11: 170055
A12: 2005 | B12: 98552 | C12: 152039 | D12: 165521
A13: 2006 | B13: 86424 | C13: 140342
A14: 2007 | B14: 106588

Sheet Factors
A3: Age-to-age factors
A4: Accident Year | B4: 1→2 | C4: 2→3 | D4: 3→4 | E4: 4→5 | F4: 5→6 | G4: 6→7 | H4: 7→8 | I4: 8→9 | J4: 9→10
A5: 1998 | B5: =IFERROR(IF(Triangle!C5="","",Triangle!C5/Triangle!B5),"") -> 1.5685351 | C5: =IFERROR(IF(Triangle!D5="","",Triangle!D5/Triangle!C5),"") -> 1.1198105 | D5: =IFERROR(IF(Triangle!E5="","",Triangle!E5/Triangle!D5),"") -> 1.0539136 | E5: =IFERROR(IF(Triangle!F5="","",Triangle!F5/Triangle!E5),"") -> 1.019042 | F5: =IFERROR(IF(Triangle!G5="","",Triangle!G5/Triangle!F5),"") -> 1.0106558 | G5: =IFERROR(IF(Triangle!H5="","",Triangle!H5/Triangle!G5),"") -> 1.0049711 | H5: =IFERROR(IF(Triangle!I5="","",Triangle!I5/Triangle!H5),"") -> 1.0036061 | I5: =IFERROR(IF(Triangle!J5="","",Triangle!J5/Triangle!I5),"") -> 1.001105 | J5: =IFERROR(IF(Triangle!K5="","",Triangle!K5/Triangle!J5),"") -> 1.0008338
A6: 1999 | B6: =IFERROR(IF(Triangle!C6="","",Triangle!C6/Triangle!B6),"") -> 1.5363333 | C6: =IFERROR(IF(Triangle!D6="","",Triangle!D6/Triangle!C6),"") -> 1.1010627 | D6: =IFERROR(IF(Triangle!E6="","",Triangle!E6/Triangle!D6),"") -> 1.0507231 | E6: =IFERROR(IF(Triangle!F6="","",Triangle!F6/Triangle!E6),"") -> 1.0206643 | F6: =IFERROR(IF(Triangle!G6="","",Triangle!G6/Triangle!F6),"") -> 1.0074999 | G6: =IFERROR(IF(Triangle!H6="","",Triangle!H6/Triangle!G6),"") -> 1.0026622 | H6: =IFERROR(IF(Triangle!I6="","",Triangle!I6/Triangle!H6),"") -> 1.0028819 | I6: =IFERROR(IF(Triangle!J6="","",Triangle!J6/Triangle!I6),"") -> 1.0010138 | J6: =IFERROR(IF(Triangle!K6="","",Triangle!K6/Triangle!J6),"")
A7: 2000 | B7: =IFERROR(IF(Triangle!C7="","",Triangle!C7/Triangle!B7),"") -> 1.5555094 | C7: =IFERROR(IF(Triangle!D7="","",Triangle!D7/Triangle!C7),"") -> 1.0910602 | D7: =IFERROR(IF(Triangle!E7="","",Triangle!E7/Triangle!D7),"") -> 1.0504467 | E7: =IFERROR(IF(Triangle!F7="","",Triangle!F7/Triangle!E7),"") -> 1.015561 | F7: =IFERROR(IF(Triangle!G7="","",Triangle!G7/Triangle!F7),"") -> 1.0085046 | G7: =IFERROR(IF(Triangle!H7="","",Triangle!H7/Triangle!G7),"") -> 1.0037218 | H7: =IFERROR(IF(Triangle!I7="","",Triangle!I7/Triangle!H7),"") -> 1.0015527 | I7: =IFERROR(IF(Triangle!J7="","",Triangle!J7/Triangle!I7),"") | J7: =IFERROR(IF(Triangle!K7="","",Triangle!K7/Triangle!J7),"")
A8: 2001 | B8: =IFERROR(IF(Triangle!C8="","",Triangle!C8/Triangle!B8),"") -> 1.5062695 | C8: =IFERROR(IF(Triangle!D8="","",Triangle!D8/Triangle!C8),"") -> 1.0941978 | D8: =IFERROR(IF(Triangle!E8="","",Triangle!E8/Triangle!D8),"") -> 1.0414672 | E8: =IFERROR(IF(Triangle!F8="","",Triangle!F8/Triangle!E8),"") -> 1.0173101 | F8: =IFERROR(IF(Triangle!G8="","",Triangle!G8/Triangle!F8),"") -> 1.0146626 | G8: =IFERROR(IF(Triangle!H8="","",Triangle!H8/Triangle!G8),"") -> 1.0026158 | H8: =IFERROR(IF(Triangle!I8="","",Triangle!I8/Triangle!H8),"") | I8: =IFERROR(IF(Triangle!J8="","",Triangle!J8/Triangle!I8),"") | J8: =IFERROR(IF(Triangle!K8="","",Triangle!K8/Triangle!J8),"")
A9: 2002 | B9: =IFERROR(IF(Triangle!C9="","",Triangle!C9/Triangle!B9),"") -> 1.5324382 | C9: =IFERROR(IF(Triangle!D9="","",Triangle!D9/Triangle!C9),"") -> 1.1029402 | D9: =IFERROR(IF(Triangle!E9="","",Triangle!E9/Triangle!D9),"") -> 1.0504551 | E9: =IFERROR(IF(Triangle!F9="","",Triangle!F9/Triangle!E9),"") -> 1.0217641 | F9: =IFERROR(IF(Triangle!G9="","",Triangle!G9/Triangle!F9),"") -> 1.0102283 | G9: =IFERROR(IF(Triangle!H9="","",Triangle!H9/Triangle!G9),"") | H9: =IFERROR(IF(Triangle!I9="","",Triangle!I9/Triangle!H9),"") | I9: =IFERROR(IF(Triangle!J9="","",Triangle!J9/Triangle!I9),"") | J9: =IFERROR(IF(Triangle!K9="","",Triangle!K9/Triangle!J9),"")
A10: 2003 | B10: =IFERROR(IF(Triangle!C10="","",Triangle!C10/Triangle!B10),"") -> 1.5917205 | C10: =IFERROR(IF(Triangle!D10="","",Triangle!D10/Triangle!C10),"") -> 1.1015931 | D10: =IFERROR(IF(Triangle!E10="","",Triangle!E10/Triangle!D10),"") -> 1.0552072 | E10: =IFERROR(IF(Triangle!F10="","",Triangle!F10/Triangle!E10),"") -> 1.0214146 | F10: =IFERROR(IF(Triangle!G10="","",Triangle!G10/Triangle!F10),"") | G10: =IFERROR(IF(Triangle!H10="","",Triangle!H10/Triangle!G10),"") | H10: =IFERROR(IF(Triangle!I10="","",Triangle!I10/Triangle!H10),"") | I10: =IFERROR(IF(Triangle!J10="","",Triangle!J10/Triangle!I10),"") | J10: =IFERROR(IF(Triangle!K10="","",Triangle!K10/Triangle!J10),"")
A11: 2004 | B11: =IFERROR(IF(Triangle!C11="","",Triangle!C11/Triangle!B11),"") -> 1.5036843 | C11: =IFERROR(IF(Triangle!D11="","",Triangle!D11/Triangle!C11),"") -> 1.1019275 | D11: =IFERROR(IF(Triangle!E11="","",Triangle!E11/Triangle!D11),"") -> 1.0518194 | E11: =IFERROR(IF(Triangle!F11="","",Triangle!F11/Triangle!E11),"") | F11: =IFERROR(IF(Triangle!G11="","",Triangle!G11/Triangle!F11),"") | G11: =IFERROR(IF(Triangle!H11="","",Triangle!H11/Triangle!G11),"") | H11: =IFERROR(IF(Triangle!I11="","",Triangle!I11/Triangle!H11),"") | I11: =IFERROR(IF(Triangle!J11="","",Triangle!J11/Triangle!I11),"") | J11: =IFERROR(IF(Triangle!K11="","",Triangle!K11/Triangle!J11),"")
A12: 2005 | B12: =IFERROR(IF(Triangle!C12="","",Triangle!C12/Triangle!B12),"") -> 1.5427287 | C12: =IFERROR(IF(Triangle!D12="","",Triangle!D12/Triangle!C12),"") -> 1.0886746 | D12: =IFERROR(IF(Triangle!E12="","",Triangle!E12/Triangle!D12),"") | E12: =IFERROR(IF(Triangle!F12="","",Triangle!F12/Triangle!E12),"") | F12: =IFERROR(IF(Triangle!G12="","",Triangle!G12/Triangle!F12),"") | G12: =IFERROR(IF(Triangle!H12="","",Triangle!H12/Triangle!G12),"") | H12: =IFERROR(IF(Triangle!I12="","",Triangle!I12/Triangle!H12),"") | I12: =IFERROR(IF(Triangle!J12="","",Triangle!J12/Triangle!I12),"") | J12: =IFERROR(IF(Triangle!K12="","",Triangle!K12/Triangle!J12),"")
A13: 2006 | B13: =IFERROR(IF(Triangle!C13="","",Triangle!C13/Triangle!B13),"") -> 1.6238776 | C13: =IFERROR(IF(Triangle!D13="","",Triangle!D13/Triangle!C13),"") | D13: =IFERROR(IF(Triangle!E13="","",Triangle!E13/Triangle!D13),"") | E13: =IFERROR(IF(Triangle!F13="","",Triangle!F13/Triangle!E13),"") | F13: =IFERROR(IF(Triangle!G13="","",Triangle!G13/Triangle!F13),"") | G13: =IFERROR(IF(Triangle!H13="","",Triangle!H13/Triangle!G13),"") | H13: =IFERROR(IF(Triangle!I13="","",Triangle!I13/Triangle!H13),"") | I13: =IFERROR(IF(Triangle!J13="","",Triangle!J13/Triangle!I13),"") | J13: =IFERROR(IF(Triangle!K13="","",Triangle!K13/Triangle!J13),"")
A14: Simple Average | B14: =AVERAGE(B5:B13) -> 1.551233 | C14: =AVERAGE(C5:C13) -> 1.1001583 | D14: =AVERAGE(D5:D13) -> 1.050576 | E14: =AVERAGE(E5:E13) -> 1.0192927 | F14: =AVERAGE(F5:F13) -> 1.0103102 | G14: =AVERAGE(G5:G13) -> 1.0034927 | H14: =AVERAGE(H5:H13) -> 1.0026803 | I14: =AVERAGE(I5:I13) -> 1.0010594 | J14: =AVERAGE(J5:J13) -> 1.0008338
A15: Volume-Weighted Average | B15: =SUMIF(Triangle!C5:C14, "<>", Triangle!C5:C14)/SUMIF(Triangle!C5:C14, "<>", Triangle!B5:B14) -> 1.5503189 | C15: =SUMIF(Triangle!D5:D14, "<>", Triangle!D5:D14)/SUMIF(Triangle!D5:D14, "<>", Triangle!C5:C14) -> 1.0995312 | D15: =SUMIF(Triangle!E5:E14, "<>", Triangle!E5:E14)/SUMIF(Triangle!E5:E14, "<>", Triangle!D5:D14) -> 1.050612 | E15: =SUMIF(Triangle!F5:F14, "<>", Triangle!F5:F14)/SUMIF(Triangle!F5:F14, "<>", Triangle!E5:E14) -> 1.0193528 | F15: =SUMIF(Triangle!G5:G14, "<>", Triangle!G5:G14)/SUMIF(Triangle!G5:G14, "<>", Triangle!F5:F14) -> 1.0103178 | G15: =SUMIF(Triangle!H5:H14, "<>", Triangle!H5:H14)/SUMIF(Triangle!H5:H14, "<>", Triangle!G5:G14) -> 1.0034546 | H15: =SUMIF(Triangle!I5:I14, "<>", Triangle!I5:I14)/SUMIF(Triangle!I5:I14, "<>", Triangle!H5:H14) -> 1.002642 | I15: =SUMIF(Triangle!J5:J14, "<>", Triangle!J5:J14)/SUMIF(Triangle!J5:J14, "<>", Triangle!I5:I14) -> 1.0010574 | J15: =SUMIF(Triangle!K5:K14, "<>", Triangle!K5:K14)/SUMIF(Triangle!K5:K14, "<>", Triangle!J5:J14) -> 1.0008338
A18: Lag | B18: 1 | C18: 2 | D18: 3 | E18: 4 | F18: 5 | G18: 6 | H18: 7 | I18: 8 | J18: 9 | K18: 10
A19: Volume-Weighted CDF | B19: =B15*C19 -> 1.8591655 | C19: =C15*D19 -> 1.1992149 | D19: =D15*E19 -> 1.0906602 | E19: =E15*F19 -> 1.0381189 | F19: =F15*G19 -> 1.0184098 | G19: =G15*H19 -> 1.0080094 | H19: =H15*I19 -> 1.0045391 | I19: =I15*J19 -> 1.0018921 | J19: =J15*K19 -> 1.0008338 | K19: 1
A20: Simple CDF | B20: =B14*C20 -> 1.8612806 | C20: =C14*D20 -> 1.1998717 | D20: =D14*E20 -> 1.0906355 | E20: =E14*F20 -> 1.038131 | F20: =F14*G20 -> 1.0184817 | G20: =G14*H20 -> 1.0080881 | H20: =H14*I20 -> 1.0045794 | I20: =I14*J20 -> 1.0018941 | J20: =J14*K20 -> 1.0008338 | K20: 1

Sheet Chain Ladder
A1: Accident Year | B1: Latest Diagonal (Paid) (in thousands) | C1: Age (Lag) | D1: Volume-Weighted CDF | E1: Projected Ultimate (in thousands) | F1: IBNR (in thousands)
A2: 1998 | B2: {=_xlfn.XLOOKUP(TRUE, Triangle!B5:K5<>"",Triangle!B5:K5, ,0,-1)} -> 126038 | C2: {=_xlfn.XLOOKUP(TRUE, Triangle!B5:K5<>"", Triangle!$B$4:$K$4, , 0, -1)} -> 10 | D2: =_xlfn.XLOOKUP(C2,Factors!$B$18:$K$18,Factors!$B$19:$K$19, ,0,1) -> 1 | E2: =B2*D2 -> 126038 | F2: =E2-B2 -> 0
A3: 1999 | B3: {=_xlfn.XLOOKUP(TRUE, Triangle!B6:K6<>"",Triangle!B6:K6, ,0,-1)} -> 137247 | C3: {=_xlfn.XLOOKUP(TRUE, Triangle!B6:K6<>"", Triangle!$B$4:$K$4, , 0, -1)} -> 9 | D3: =_xlfn.XLOOKUP(C3,Factors!$B$18:$K$18,Factors!$B$19:$K$19, ,0,1) -> 1.0008338 | E3: =B3*D3 -> 137361.43 | F3: =E3-B3 -> 114.43335
A4: 2000 | B4: {=_xlfn.XLOOKUP(TRUE, Triangle!B7:K7<>"",Triangle!B7:K7, ,0,-1)} -> 141264 | C4: {=_xlfn.XLOOKUP(TRUE, Triangle!B7:K7<>"", Triangle!$B$4:$K$4, , 0, -1)} -> 8 | D4: =_xlfn.XLOOKUP(C4,Factors!$B$18:$K$18,Factors!$B$19:$K$19, ,0,1) -> 1.0018921 | E4: =B4*D4 -> 141531.28 | F4: =E4-B4 -> 267.28372
A5: 2001 | B5: {=_xlfn.XLOOKUP(TRUE, Triangle!B8:K8<>"",Triangle!B8:K8, ,0,-1)} -> 141816 | C5: {=_xlfn.XLOOKUP(TRUE, Triangle!B8:K8<>"", Triangle!$B$4:$K$4, , 0, -1)} -> 7 | D5: =_xlfn.XLOOKUP(C5,Factors!$B$18:$K$18,Factors!$B$19:$K$19, ,0,1) -> 1.0045391 | E5: =B5*D5 -> 142459.72 | F5: =E5-B5 -> 643.71747
A6: 2002 | B6: {=_xlfn.XLOOKUP(TRUE, Triangle!B9:K9<>"",Triangle!B9:K9, ,0,-1)} -> 150819 | C6: {=_xlfn.XLOOKUP(TRUE, Triangle!B9:K9<>"", Triangle!$B$4:$K$4, , 0, -1)} -> 6 | D6: =_xlfn.XLOOKUP(C6,Factors!$B$18:$K$18,Factors!$B$19:$K$19, ,0,1) -> 1.0080094 | E6: =B6*D6 -> 152026.97 | F6: =E6-B6 -> 1207.9702
A7: 2003 | B7: {=_xlfn.XLOOKUP(TRUE, Triangle!B10:K10<>"",Triangle!B10:K10, ,0,-1)} -> 154348 | C7: {=_xlfn.XLOOKUP(TRUE, Triangle!B10:K10<>"", Triangle!$B$4:$K$4, , 0, -1)} -> 5 | D7: =_xlfn.XLOOKUP(C7,Factors!$B$18:$K$18,Factors!$B$19:$K$19, ,0,1) -> 1.0184098 | E7: =B7*D7 -> 157189.52 | F7: =E7-B7 -> 2841.5232
A8: 2004 | B8: {=_xlfn.XLOOKUP(TRUE, Triangle!B11:K11<>"",Triangle!B11:K11, ,0,-1)} -> 170055 | C8: {=_xlfn.XLOOKUP(TRUE, Triangle!B11:K11<>"", Triangle!$B$4:$K$4, , 0, -1)} -> 4 | D8: =_xlfn.XLOOKUP(C8,Factors!$B$18:$K$18,Factors!$B$19:$K$19, ,0,1) -> 1.0381189 | E8: =B8*D8 -> 176537.31 | F8: =E8-B8 -> 6482.3102
A9: 2005 | B9: {=_xlfn.XLOOKUP(TRUE, Triangle!B12:K12<>"",Triangle!B12:K12, ,0,-1)} -> 165521 | C9: {=_xlfn.XLOOKUP(TRUE, Triangle!B12:K12<>"", Triangle!$B$4:$K$4, , 0, -1)} -> 3 | D9: =_xlfn.XLOOKUP(C9,Factors!$B$18:$K$18,Factors!$B$19:$K$19, ,0,1) -> 1.0906602 | E9: =B9*D9 -> 180527.17 | F9: =E9-B9 -> 15006.168
A10: 2006 | B10: {=_xlfn.XLOOKUP(TRUE, Triangle!B13:K13<>"",Triangle!B13:K13, ,0,-1)} -> 140342 | C10: {=_xlfn.XLOOKUP(TRUE, Triangle!B13:K13<>"", Triangle!$B$4:$K$4, , 0, -1)} -> 2 | D10: =_xlfn.XLOOKUP(C10,Factors!$B$18:$K$18,Factors!$B$19:$K$19, ,0,1) -> 1.1992149 | E10: =B10*D10 -> 168300.21 | F10: =E10-B10 -> 27958.213
A11: 2007 | B11: {=_xlfn.XLOOKUP(TRUE, Triangle!B14:K14<>"",Triangle!B14:K14, ,0,-1)} -> 106588 | C11: {=_xlfn.XLOOKUP(TRUE, Triangle!B14:K14<>"", Triangle!$B$4:$K$4, , 0, -1)} -> 1 | D11: =_xlfn.XLOOKUP(C11,Factors!$B$18:$K$18,Factors!$B$19:$K$19, ,0,1) -> 1.8591655 | E11: =B11*D11 -> 198164.73 | F11: =E11-B11 -> 91576.73
A12: Total | B12: =SUM(B2:B11) -> 1434038 | E12: =SUM(E2:E11) -> 1580136.3 | F12: =SUM(F2:F11) -> 146098.35

Sheet BF
A1: Accident Year | B1: EarnedPremNet (in thousands) | C1: ELR | D1: Expected Losses (in thousands) | E1: Volume-Weighted CDF | F1: % Unreported | G1: Latest Diagonal (in thousands) | H1: BF Ultimate (in thousands) | I1: BF IBNR (in thousands)
A2: 1998 | B2: =_xlfn.XLOOKUP(A2,Table1[AccidentYear],Table1[EarnedPremDIR (in thousands)], ,0,1) -> 177563 | C2: {=AVERAGE('Chain Ladder'!$E$2:$E$5/BF!$B$2:$B$5)} -> 0.74662324 | D2: =B2*C2 -> 132572.66 | E2: =_xlfn.XLOOKUP(A2,'Chain Ladder'!A2:A11,'Chain Ladder'!D2:D11,,0,1) -> 1 | F2: =1-(1/E2) -> 0 | G2: {=_xlfn.XLOOKUP(TRUE,Triangle!B5:K5<>"",Triangle!B5:K5,,0,-1)} -> 126038 | H2: =G2+(D2*F2) -> 126038 | I2: =H2-G2 -> 0
A3: 1999 | B3: =_xlfn.XLOOKUP(A3,Table1[AccidentYear],Table1[EarnedPremDIR (in thousands)], ,0,1) -> 180249 | C3: {=AVERAGE('Chain Ladder'!$E$2:$E$5/BF!$B$2:$B$5)} -> 0.74662324 | D3: =B3*C3 -> 134578.09 | E3: =_xlfn.XLOOKUP(A3,'Chain Ladder'!A3:A12,'Chain Ladder'!D3:D12,,0,1) -> 1.0008338 | F3: =1-(1/E3) -> 0.00083308209 | G3: {=_xlfn.XLOOKUP(TRUE,Triangle!B6:K6<>"",Triangle!B6:K6,,0,-1)} -> 137247 | H3: =G3+(D3*F3) -> 137359.11 | I3: =H3-G3 -> 112.1146
A4: 2000 | B4: =_xlfn.XLOOKUP(A4,Table1[AccidentYear],Table1[EarnedPremDIR (in thousands)], ,0,1) -> 183981 | C4: {=AVERAGE('Chain Ladder'!$E$2:$E$5/BF!$B$2:$B$5)} -> 0.74662324 | D4: =B4*C4 -> 137364.49 | E4: =_xlfn.XLOOKUP(A4,'Chain Ladder'!A4:A13,'Chain Ladder'!D4:D13,,0,1) -> 1.0018921 | F4: =1-(1/E4) -> 0.0018885134 | G4: {=_xlfn.XLOOKUP(TRUE,Triangle!B7:K7<>"",Triangle!B7:K7,,0,-1)} -> 141264 | H4: =G4+(D4*F4) -> 141523.41 | I4: =H4-G4 -> 259.41468
A5: 2001 | B5: =_xlfn.XLOOKUP(A5,Table1[AccidentYear],Table1[EarnedPremDIR (in thousands)], ,0,1) -> 191135 | C5: {=AVERAGE('Chain Ladder'!$E$2:$E$5/BF!$B$2:$B$5)} -> 0.74662324 | D5: =B5*C5 -> 142705.83 | E5: =_xlfn.XLOOKUP(A5,'Chain Ladder'!A5:A14,'Chain Ladder'!D5:D14,,0,1) -> 1.0045391 | F5: =1-(1/E5) -> 0.0045185929 | G5: {=_xlfn.XLOOKUP(TRUE,Triangle!B8:K8<>"",Triangle!B8:K8,,0,-1)} -> 141816 | H5: =G5+(D5*F5) -> 142460.83 | I5: =H5-G5 -> 644.82957
A6: 2002 | B6: =_xlfn.XLOOKUP(A6,Table1[AccidentYear],Table1[EarnedPremDIR (in thousands)], ,0,1) -> 207149 | C6: {=AVERAGE('Chain Ladder'!$E$2:$E$5/BF!$B$2:$B$5)} -> 0.74662324 | D6: =B6*C6 -> 154662.26 | E6: =_xlfn.XLOOKUP(A6,'Chain Ladder'!A6:A15,'Chain Ladder'!D6:D15,,0,1) -> 1.0080094 | F6: =1-(1/E6) -> 0.0079457628 | G6: {=_xlfn.XLOOKUP(TRUE,Triangle!B9:K9<>"",Triangle!B9:K9,,0,-1)} -> 150819 | H6: =G6+(D6*F6) -> 152047.91 | I6: =H6-G6 -> 1228.9096
A7: 2003 | B7: =_xlfn.XLOOKUP(A7,Table1[AccidentYear],Table1[EarnedPremDIR (in thousands)], ,0,1) -> 214963 | C7: {=AVERAGE('Chain Ladder'!$E$2:$E$5/BF!$B$2:$B$5)} -> 0.74662324 | D7: =B7*C7 -> 160496.37 | E7: =_xlfn.XLOOKUP(A7,'Chain Ladder'!A7:A16,'Chain Ladder'!D7:D16,,0,1) -> 1.0184098 | F7: =1-(1/E7) -> 0.018077052 | G7: {=_xlfn.XLOOKUP(TRUE,Triangle!B10:K10<>"",Triangle!B10:K10,,0,-1)} -> 154348 | H7: =G7+(D7*F7) -> 157249.3 | I7: =H7-G7 -> 2901.3013
A8: 2004 | B8: =_xlfn.XLOOKUP(A8,Table1[AccidentYear],Table1[EarnedPremDIR (in thousands)], ,0,1) -> 224282 | C8: {=AVERAGE('Chain Ladder'!$E$2:$E$5/BF!$B$2:$B$5)} -> 0.74662324 | D8: =B8*C8 -> 167454.15 | E8: =_xlfn.XLOOKUP(A8,'Chain Ladder'!A8:A17,'Chain Ladder'!D8:D17,,0,1) -> 1.0381189 | F8: =1-(1/E8) -> 0.036719208 | G8: {=_xlfn.XLOOKUP(TRUE,Triangle!B11:K11<>"",Triangle!B11:K11,,0,-1)} -> 170055 | H8: =G8+(D8*F8) -> 176203.78 | I8: =H8-G8 -> 6148.7839
A9: 2005 | B9: =_xlfn.XLOOKUP(A9,Table1[AccidentYear],Table1[EarnedPremDIR (in thousands)], ,0,1) -> 236170 | C9: {=AVERAGE('Chain Ladder'!$E$2:$E$5/BF!$B$2:$B$5)} -> 0.74662324 | D9: =B9*C9 -> 176330.01 | E9: =_xlfn.XLOOKUP(A9,'Chain Ladder'!A9:A18,'Chain Ladder'!D9:D18,,0,1) -> 1.0906602 | F9: =1-(1/E9) -> 0.083124152 | G9: {=_xlfn.XLOOKUP(TRUE,Triangle!B12:K12<>"",Triangle!B12:K12,,0,-1)} -> 165521 | H9: =G9+(D9*F9) -> 180178.28 | I9: =H9-G9 -> 14657.283
A10: 2006 | B10: =_xlfn.XLOOKUP(A10,Table1[AccidentYear],Table1[EarnedPremDIR (in thousands)], ,0,1) -> 248235 | C10: {=AVERAGE('Chain Ladder'!$E$2:$E$5/BF!$B$2:$B$5)} -> 0.74662324 | D10: =B10*C10 -> 185338.02 | E10: =_xlfn.XLOOKUP(A10,'Chain Ladder'!A10:A19,'Chain Ladder'!D10:D19,,0,1) -> 1.1992149 | F10: =1-(1/E10) -> 0.16612108 | G10: {=_xlfn.XLOOKUP(TRUE,Triangle!B13:K13<>"",Triangle!B13:K13,,0,-1)} -> 140342 | H10: =G10+(D10*F10) -> 171130.55 | I10: =H10-G10 -> 30788.552
A11: 2007 | B11: =_xlfn.XLOOKUP(A11,Table1[AccidentYear],Table1[EarnedPremDIR (in thousands)], ,0,1) -> 253531 | C11: {=AVERAGE('Chain Ladder'!$E$2:$E$5/BF!$B$2:$B$5)} -> 0.74662324 | D11: =B11*C11 -> 189292.14 | E11: =_xlfn.XLOOKUP(A11,'Chain Ladder'!A11:A20,'Chain Ladder'!D11:D20,,0,1) -> 1.8591655 | F11: =1-(1/E11) -> 0.46212427 | G11: {=_xlfn.XLOOKUP(TRUE,Triangle!B14:K14<>"",Triangle!B14:K14,,0,-1)} -> 106588 | H11: =G11+(D11*F11) -> 194064.49 | I11: =H11-G11 -> 87476.49
A12: Total | B12: =SUM(B2:B11) -> 2117258 | D12: =SUM(D2:D11) -> 1580794 | G12: =SUM(G2:G11) -> 1434038 | H12: =SUM(H2:H11) -> 1578255.7 | I12: =SUM(I2:I11) -> 144217.68

Sheet Comparison
A1: Accident Year | B1: CL Ultimate (in thousands) | C1: CL IBNR (in thousands) | D1: BF Ultimate (in thousands) | E1: BF IBNR (in thousands) | F1: $ Diff (BF-CL) (in thousands) | G1: % Diff
A2: 1998 | B2: ='Chain Ladder'!E2 -> 126038 | C2: ='Chain Ladder'!F2 -> 0 | D2: =BF!H2 -> 126038 | E2: =BF!I2 -> 0 | F2: =E2-C2 -> 0 | G2: =IFERROR(F2/C2,0) -> 0
A3: 1999 | B3: ='Chain Ladder'!E3 -> 137361.43 | C3: ='Chain Ladder'!F3 -> 114.43335 | D3: =BF!H3 -> 137359.11 | E3: =BF!I3 -> 112.1146 | F3: =E3-C3 -> -2.3187511 | G3: =IFERROR(F3/C3,0) -> -0.020262897
A4: 2000 | B4: ='Chain Ladder'!E4 -> 141531.28 | C4: ='Chain Ladder'!F4 -> 267.28372 | D4: =BF!H4 -> 141523.41 | E4: =BF!I4 -> 259.41468 | F4: =E4-C4 -> -7.8690442 | G4: =IFERROR(F4/C4,0) -> -0.029440791
A5: 2001 | B5: ='Chain Ladder'!E5 -> 142459.72 | C5: ='Chain Ladder'!F5 -> 643.71747 | D5: =BF!H5 -> 142460.83 | E5: =BF!I5 -> 644.82957 | F5: =E5-C5 -> 1.1120978 | G5: =IFERROR(F5/C5,0) -> 0.0017276179
A6: 2002 | B6: ='Chain Ladder'!E6 -> 152026.97 | C6: ='Chain Ladder'!F6 -> 1207.9702 | D6: =BF!H6 -> 152047.91 | E6: =BF!I6 -> 1228.9096 | F6: =E6-C6 -> 20.939372 | G6: =IFERROR(F6/C6,0) -> 0.017334344
A7: 2003 | B7: ='Chain Ladder'!E7 -> 157189.52 | C7: ='Chain Ladder'!F7 -> 2841.5232 | D7: =BF!H7 -> 157249.3 | E7: =BF!I7 -> 2901.3013 | F7: =E7-C7 -> 59.778079 | G7: =IFERROR(F7/C7,0) -> 0.021037336
A8: 2004 | B8: ='Chain Ladder'!E8 -> 176537.31 | C8: ='Chain Ladder'!F8 -> 6482.3102 | D8: =BF!H8 -> 176203.78 | E8: =BF!I8 -> 6148.7839 | F8: =E8-C8 -> -333.5263 | G8: =IFERROR(F8/C8,0) -> -0.051451765
A9: 2005 | B9: ='Chain Ladder'!E9 -> 180527.17 | C9: ='Chain Ladder'!F9 -> 15006.168 | D9: =BF!H9 -> 180178.28 | E9: =BF!I9 -> 14657.283 | F9: =E9-C9 -> -348.88507 | G9: =IFERROR(F9/C9,0) -> -0.023249445
A10: 2006 | B10: ='Chain Ladder'!E10 -> 168300.21 | C10: ='Chain Ladder'!F10 -> 27958.213 | D10: =BF!H10 -> 171130.55 | E10: =BF!I10 -> 30788.552 | F10: =E10-C10 -> 2830.3389 | G10: =IFERROR(F10/C10,0) -> 0.10123461
A11: 2007 | B11: ='Chain Ladder'!E11 -> 198164.73 | C11: ='Chain Ladder'!F11 -> 91576.73 | D11: =BF!H11 -> 194064.49 | E11: =BF!I11 -> 87476.49 | F11: =E11-C11 -> -4100.2406 | G11: =IFERROR(F11/C11,0) -> -0.044773826
A12: Total | C12: =SUM(C2:C11) -> 146098.35 | E12: =SUM(E2:E11) -> 144217.68 | G12: =(E12-C12)/C12 -> -0.012872639

Sheet Sensitivity
A1: Accident Year | B1: Latest Diagonal (Paid) (in thousands) | C1: Age (Lag) | D1: Simple CDF | E1: Projected Ultimate (in thousands) | F1: IBNR (in thousands)
A2: 1998 | B2: {=_xlfn.XLOOKUP(TRUE, Triangle!B5:K5<>"",Triangle!B5:K5, ,0,-1)} -> 126038 | C2: {=_xlfn.XLOOKUP(TRUE, Triangle!B5:K5<>"", Triangle!$B$4:$K$4, , 0, -1)} -> 10 | D2: =_xlfn.XLOOKUP(C2,Factors!$B$18:$K$18,Factors!$B$20:$K$20, ,0,1) -> 1 | E2: =B2*D2 -> 126038 | F2: =E2-B2 -> 0
A3: 1999 | B3: {=_xlfn.XLOOKUP(TRUE, Triangle!B6:K6<>"",Triangle!B6:K6, ,0,-1)} -> 137247 | C3: {=_xlfn.XLOOKUP(TRUE, Triangle!B6:K6<>"", Triangle!$B$4:$K$4, , 0, -1)} -> 9 | D3: =_xlfn.XLOOKUP(C3,Factors!$B$18:$K$18,Factors!$B$20:$K$20, ,0,1) -> 1.0008338 | E3: =B3*D3 -> 137361.43 | F3: =E3-B3 -> 114.43335
A4: 2000 | B4: {=_xlfn.XLOOKUP(TRUE, Triangle!B7:K7<>"",Triangle!B7:K7, ,0,-1)} -> 141264 | C4: {=_xlfn.XLOOKUP(TRUE, Triangle!B7:K7<>"", Triangle!$B$4:$K$4, , 0, -1)} -> 8 | D4: =_xlfn.XLOOKUP(C4,Factors!$B$18:$K$18,Factors!$B$20:$K$20, ,0,1) -> 1.0018941 | E4: =B4*D4 -> 141531.56 | F4: =E4-B4 -> 267.56111
A5: 2001 | B5: {=_xlfn.XLOOKUP(TRUE, Triangle!B8:K8<>"",Triangle!B8:K8, ,0,-1)} -> 141816 | C5: {=_xlfn.XLOOKUP(TRUE, Triangle!B8:K8<>"", Triangle!$B$4:$K$4, , 0, -1)} -> 7 | D5: =_xlfn.XLOOKUP(C5,Factors!$B$18:$K$18,Factors!$B$20:$K$20, ,0,1) -> 1.0045794 | E5: =B5*D5 -> 142465.43 | F5: =E5-B5 -> 649.42929
A6: 2002 | B6: {=_xlfn.XLOOKUP(TRUE, Triangle!B9:K9<>"",Triangle!B9:K9, ,0,-1)} -> 150819 | C6: {=_xlfn.XLOOKUP(TRUE, Triangle!B9:K9<>"", Triangle!$B$4:$K$4, , 0, -1)} -> 6 | D6: =_xlfn.XLOOKUP(C6,Factors!$B$18:$K$18,Factors!$B$20:$K$20, ,0,1) -> 1.0080881 | E6: =B6*D6 -> 152038.84 | F6: =E6-B6 -> 1219.842
A7: 2003 | B7: {=_xlfn.XLOOKUP(TRUE, Triangle!B10:K10<>"",Triangle!B10:K10, ,0,-1)} -> 154348 | C7: {=_xlfn.XLOOKUP(TRUE, Triangle!B10:K10<>"", Triangle!$B$4:$K$4, , 0, -1)} -> 5 | D7: =_xlfn.XLOOKUP(C7,Factors!$B$18:$K$18,Factors!$B$20:$K$20, ,0,1) -> 1.0184817 | E7: =B7*D7 -> 157200.62 | F7: =E7-B7 -> 2852.6185
A8: 2004 | B8: {=_xlfn.XLOOKUP(TRUE, Triangle!B11:K11<>"",Triangle!B11:K11, ,0,-1)} -> 170055 | C8: {=_xlfn.XLOOKUP(TRUE, Triangle!B11:K11<>"", Triangle!$B$4:$K$4, , 0, -1)} -> 4 | D8: =_xlfn.XLOOKUP(C8,Factors!$B$18:$K$18,Factors!$B$20:$K$20, ,0,1) -> 1.038131 | E8: =B8*D8 -> 176539.36 | F8: =E8-B8 -> 6484.361
A9: 2005 | B9: {=_xlfn.XLOOKUP(TRUE, Triangle!B12:K12<>"",Triangle!B12:K12, ,0,-1)} -> 165521 | C9: {=_xlfn.XLOOKUP(TRUE, Triangle!B12:K12<>"", Triangle!$B$4:$K$4, , 0, -1)} -> 3 | D9: =_xlfn.XLOOKUP(C9,Factors!$B$18:$K$18,Factors!$B$20:$K$20, ,0,1) -> 1.0906355 | E9: =B9*D9 -> 180523.08 | F9: =E9-B9 -> 15002.081
A10: 2006 | B10: {=_xlfn.XLOOKUP(TRUE, Triangle!B13:K13<>"",Triangle!B13:K13, ,0,-1)} -> 140342 | C10: {=_xlfn.XLOOKUP(TRUE, Triangle!B13:K13<>"", Triangle!$B$4:$K$4, , 0, -1)} -> 2 | D10: =_xlfn.XLOOKUP(C10,Factors!$B$18:$K$18,Factors!$B$20:$K$20, ,0,1) -> 1.1998717 | E10: =B10*D10 -> 168392.4 | F10: =E10-B10 -> 28050.401
A11: 2007 | B11: {=_xlfn.XLOOKUP(TRUE, Triangle!B14:K14<>"",Triangle!B14:K14, ,0,-1)} -> 106588 | C11: {=_xlfn.XLOOKUP(TRUE, Triangle!B14:K14<>"", Triangle!$B$4:$K$4, , 0, -1)} -> 1 | D11: =_xlfn.XLOOKUP(C11,Factors!$B$18:$K$18,Factors!$B$20:$K$20, ,0,1) -> 1.8612806 | E11: =B11*D11 -> 198390.18 | F11: =E11-B11 -> 91802.177
A12: Total | B12: =SUM(B2:B11) -> 1434038 | E12: =SUM(E2:E11) -> 1580480.9 | F12: =SUM(F2:F11) -> 146442.9
A15: Scenario | B15: Total IBNR (in thousands) | C15: $ Diff vs Primary (in thousands) | D15: % Diff vs Primary
A16: Volume-Weighted | B16: ='Chain Ladder'!F12 -> 146098.35
A17: Simple Average | B17: =F12 -> 146442.9 | C17: =(B17-B16) -> 344.55463 | D17: =(B17-B16)/B16 -> 0.0023583745
